player_name,team_name,image_url
Bernd Leno,Arsenal,https://resources.premierleague.com/premierleague/photos/players/110x140/p80201.png
Arthur Okonkwo,Arsenal,https://resources.premierleague.com/premierleague/photos/players/110x140/p220682.png
Karl Hein,Arsenal,https://resources.premierleague.com/premierleague/photos/players/110x140/p463748.png
Aaron Ramsdale,Arsenal,https://resources.premierleague.com/premierleague/photos/players/110x140/p225321.png
Kieran Tierney,Arsenal,https://resources.premierleague.com/premierleague/photos/players/110x140/p192895.png
Gabriel Magalhães,Arsenal,https://resources.premierleague.com/premierleague/photos/players/110x140/p226597.png
Rob Holding,Arsenal,https://resources.premierleague.com/premierleague/photos/players/110x140/p156074.png
Cédric Soares,Arsenal,https://resources.premierleague.com/premierleague/photos/players/110x140/p58822.png
Calum Chambers,Arsenal,https://resources.premierleague.com/premierleague/photos/players/110x140/p101184.png
Pablo Marí,Arsenal,https://resources.premierleague.com/premierleague/photos/players/110x140/p92371.png
Sead Kolasinac,Arsenal,https://resources.premierleague.com/premierleague/photos/players/110x140/p111457.png
Nuno Tavares,Arsenal,https://resources.premierleague.com/premierleague/photos/players/110x140/p437626.png
Ben White,Arsenal,https://resources.premierleague.com/premierleague/photos/players/110x140/p198869.png
Takehiro Tomiyasu,Arsenal,https://resources.premierleague.com/premierleague/photos/players/110x140/p223723.png
Bukayo Saka,Arsenal,https://resources.premierleague.com/premierleague/photos/players/110x140/p223340.png
Thomas Partey,Arsenal,https://resources.premierleague.com/premierleague/photos/players/110x140/p167199.png
Mohamed Elneny,Arsenal,https://resources.premierleague.com/premierleague/photos/players/110x140/p153256.png
Emile Smith Rowe,Arsenal,https://resources.premierleague.com/premierleague/photos/players/110x140/p209289.png
Granit Xhaka,Arsenal,https://resources.premierleague.com/premierleague/photos/players/110x140/p84450.png
Ainsley Maitland-Niles,Arsenal,https://resources.premierleague.com/premierleague/photos/players/110x140/p154043.png
Albert Sambi Lokonga,Arsenal,https://resources.premierleague.com/premierleague/photos/players/110x140/p437742.png
Martin Ødegaard,Arsenal,https://resources.premierleague.com/premierleague/photos/players/110x140/p184029.png
Alexandre Lacazette,Arsenal,https://resources.premierleague.com/premierleague/photos/players/110x140/p59966.png
Pierre-Emerick Aubameyang,Arsenal,https://resources.premierleague.com/premierleague/photos/players/110x140/p54694.png
Nicolas Pépé,Arsenal,https://resources.premierleague.com/premierleague/photos/players/110x140/p195735.png
Eddie Nketiah,Arsenal,https://resources.premierleague.com/premierleague/photos/players/110x140/p205533.png
Gabriel Martinelli,Arsenal,https://resources.premierleague.com/premierleague/photos/players/110x140/p444145.png
Folarin Balogun,Arsenal,https://resources.premierleague.com/premierleague/photos/players/110x140/p232223.png
Jed Steer,Aston Villa,https://resources.premierleague.com/premierleague/photos/players/110x140/p79852.png
Emiliano Martínez,Aston Villa,https://resources.premierleague.com/premierleague/photos/players/110x140/p98980.png
Viljami Sinisalo,Aston Villa,https://resources.premierleague.com/premierleague/photos/players/110x140/p248164.png
Matthew Cash,Aston Villa,https://resources.premierleague.com/premierleague/photos/players/110x140/p199796.png
Ezri Konsa,Aston Villa,https://resources.premierleague.com/premierleague/photos/players/110x140/p199798.png
Tyrone Mings,Aston Villa,https://resources.premierleague.com/premierleague/photos/players/110x140/p149484.png
Matt Targett,Aston Villa,https://resources.premierleague.com/premierleague/photos/players/110x140/p169359.png
Kortney Hause,Aston Villa,https://resources.premierleague.com/premierleague/photos/players/110x140/p123354.png
Ashley Young,Aston Villa,https://resources.premierleague.com/premierleague/photos/players/110x140/p18892.png
Axel Tuanzebe,Aston Villa,https://resources.premierleague.com/premierleague/photos/players/110x140/p180804.png
Axel Tuanzebe,Aston Villa,https://resources.premierleague.com/premierleague/photos/players/110x140/p180804.png
Sil Swinkels,Aston Villa,https://resources.premierleague.com/premierleague/photos/players/110x140/p514287.png
Douglas Luiz,Aston Villa,https://resources.premierleague.com/premierleague/photos/players/110x140/p230046.png
John McGinn,Aston Villa,https://resources.premierleague.com/premierleague/photos/players/110x140/p122806.png
Trézéguet,Aston Villa,https://resources.premierleague.com/premierleague/photos/players/110x140/p148508.png
Marvelous Nakamba,Aston Villa,https://resources.premierleague.com/premierleague/photos/players/110x140/p184704.png
Anwar El Ghazi,Aston Villa,https://resources.premierleague.com/premierleague/photos/players/110x140/p193488.png
Morgan Sanson,Aston Villa,https://resources.premierleague.com/premierleague/photos/players/110x140/p122775.png
Jacob Ramsey,Aston Villa,https://resources.premierleague.com/premierleague/photos/players/110x140/p232653.png
Emiliano Buendía,Aston Villa,https://resources.premierleague.com/premierleague/photos/players/110x140/p195546.png
Jaden Philogene-Bidace,Aston Villa,https://resources.premierleague.com/premierleague/photos/players/110x140/p481624.png
Carney Chukwuemeka,Aston Villa,https://resources.premierleague.com/premierleague/photos/players/110x140/p478912.png
Aaron Ramsey,Aston Villa,https://resources.premierleague.com/premierleague/photos/players/110x140/p447715.png
Lamare Bogarde,Aston Villa,https://resources.premierleague.com/premierleague/photos/players/110x140/p515597.png
Hayden Lindley,Aston Villa,https://resources.premierleague.com/premierleague/photos/players/110x140/p432713.png
Ollie Watkins,Aston Villa,https://resources.premierleague.com/premierleague/photos/players/110x140/p178301.png
Bertrand Traoré,Aston Villa,https://resources.premierleague.com/premierleague/photos/players/110x140/p110504.png
Keinan Davis,Aston Villa,https://resources.premierleague.com/premierleague/photos/players/110x140/p221239.png
Leon Bailey,Aston Villa,https://resources.premierleague.com/premierleague/photos/players/110x140/p215711.png
Danny Ings,Aston Villa,https://resources.premierleague.com/premierleague/photos/players/110x140/p84939.png
Caleb Chukwuemeka,Aston Villa,https://resources.premierleague.com/premierleague/photos/players/110x140/p503159.png
Cameron Archer,Aston Villa,https://resources.premierleague.com/premierleague/photos/players/110x140/p433979.png
David Raya,Brentford,https://resources.premierleague.com/premierleague/photos/players/110x140/p154561.png
Álvaro Fernández,Brentford,https://resources.premierleague.com/premierleague/photos/players/110x140/p240796.png
Rico Henry,Brentford,https://resources.premierleague.com/premierleague/photos/players/110x140/p194010.png
Charlie Goode,Brentford,https://resources.premierleague.com/premierleague/photos/players/110x140/p213687.png
Ethan Pinnock,Brentford,https://resources.premierleague.com/premierleague/photos/players/110x140/p231065.png
Pontus Jansson,Brentford,https://resources.premierleague.com/premierleague/photos/players/110x140/p61810.png
Mads Bech Sørensen,Brentford,https://resources.premierleague.com/premierleague/photos/players/110x140/p228044.png
Mads Roerslev,Brentford,https://resources.premierleague.com/premierleague/photos/players/110x140/p226956.png
Dominic Thompson,Brentford,https://resources.premierleague.com/premierleague/photos/players/110x140/p232247.png
Julian Jeanvier,Brentford,https://resources.premierleague.com/premierleague/photos/players/110x140/p121570.png
Luka Racic,Brentford,https://resources.premierleague.com/premierleague/photos/players/110x140/p226961.png
Finley Stevens,Brentford,https://resources.premierleague.com/premierleague/photos/players/110x140/p450550.png
Lewis Gordon,Brentford,https://resources.premierleague.com/premierleague/photos/players/110x140/p461173.png
Kristoffer Ajer,Brentford,https://resources.premierleague.com/premierleague/photos/players/110x140/p191866.png
Zanka,Brentford,https://resources.premierleague.com/premierleague/photos/players/110x140/p48760.png
Christian Nørgaard,Brentford,https://resources.premierleague.com/premierleague/photos/players/110x140/p128295.png
Mathias Jensen,Brentford,https://resources.premierleague.com/premierleague/photos/players/110x140/p207283.png
Josh Dasilva,Brentford,https://resources.premierleague.com/premierleague/photos/players/110x140/p183656.png
Bryan Mbeumo,Brentford,https://resources.premierleague.com/premierleague/photos/players/110x140/p446008.png
Tariqe Fosu-Henry,Brentford,https://resources.premierleague.com/premierleague/photos/players/110x140/p154138.png
Shandon Baptiste,Brentford,https://resources.premierleague.com/premierleague/photos/players/110x140/p432160.png
Vitaly Janelt,Brentford,https://resources.premierleague.com/premierleague/photos/players/110x140/p204580.png
Jan Zamburek,Brentford,https://resources.premierleague.com/premierleague/photos/players/110x140/p420922.png
Mads Bidstrup,Brentford,https://resources.premierleague.com/premierleague/photos/players/110x140/p481405.png
Maxwell Haygarth,Brentford,https://resources.premierleague.com/premierleague/photos/players/110x140/p461558.png
Frank Onyeka,Brentford,https://resources.premierleague.com/premierleague/photos/players/110x140/p428580.png
Myles Peart-Harris,Brentford,https://resources.premierleague.com/premierleague/photos/players/110x140/p450539.png
Yoane Wissa,Brentford,https://resources.premierleague.com/premierleague/photos/players/110x140/p216646.png
Sergi Canós,Brentford,https://resources.premierleague.com/premierleague/photos/players/110x140/p174932.png
Marcus Forss,Brentford,https://resources.premierleague.com/premierleague/photos/players/110x140/p216620.png
Ivan Toney,Brentford,https://resources.premierleague.com/premierleague/photos/players/110x140/p144485.png
Saman Ghoddos,Brentford,https://resources.premierleague.com/premierleague/photos/players/110x140/p205836.png
Jason Steele,Brighton and Hove Albion,https://resources.premierleague.com/premierleague/photos/players/110x140/p49262.png
Robert Sánchez,Brighton and Hove Albion,https://resources.premierleague.com/premierleague/photos/players/110x140/p215059.png
Kjell Scherpen,Brighton and Hove Albion,https://resources.premierleague.com/premierleague/photos/players/110x140/p240514.png
Thomas McGill,Brighton and Hove Albion,https://resources.premierleague.com/premierleague/photos/players/110x140/p209288.png
Tariq Lamptey,Brighton and Hove Albion,https://resources.premierleague.com/premierleague/photos/players/110x140/p232792.png
Adam Webster,Brighton and Hove Albion,https://resources.premierleague.com/premierleague/photos/players/110x140/p110735.png
Lewis Dunk,Brighton and Hove Albion,https://resources.premierleague.com/premierleague/photos/players/110x140/p83299.png
Dan Burn,Brighton and Hove Albion,https://resources.premierleague.com/premierleague/photos/players/110x140/p78916.png
Joël Veltman,Brighton and Hove Albion,https://resources.premierleague.com/premierleague/photos/players/110x140/p111478.png
Shane Duffy,Brighton and Hove Albion,https://resources.premierleague.com/premierleague/photos/players/110x140/p61933.png
Haydon Roberts,Brighton and Hove Albion,https://resources.premierleague.com/premierleague/photos/players/110x140/p433589.png
James Furlong,Brighton and Hove Albion,https://resources.premierleague.com/premierleague/photos/players/110x140/p440123.png
Odeluga Offiah,Brighton and Hove Albion,https://resources.premierleague.com/premierleague/photos/players/110x140/p445548.png
Antef Tsoungui,Brighton and Hove Albion,https://resources.premierleague.com/premierleague/photos/players/110x140/p461046.png
Marc Cucurella,Brighton and Hove Albion,https://resources.premierleague.com/premierleague/photos/players/110x140/p179268.png
Tudor Baluta,Brighton and Hove Albion,https://resources.premierleague.com/premierleague/photos/players/110x140/p213056.png
Yves Bissouma,Brighton and Hove Albion,https://resources.premierleague.com/premierleague/photos/players/110x140/p227127.png
Alexis Mac Allister,Brighton and Hove Albion,https://resources.premierleague.com/premierleague/photos/players/110x140/p243016.png
Pascal Groß,Brighton and Hove Albion,https://resources.premierleague.com/premierleague/photos/players/110x140/p60307.png
Adam Lallana,Brighton and Hove Albion,https://resources.premierleague.com/premierleague/photos/players/110x140/p39155.png
Jakub Moder,Brighton and Hove Albion,https://resources.premierleague.com/premierleague/photos/players/110x140/p243505.png
Steven Alzate,Brighton and Hove Albion,https://resources.premierleague.com/premierleague/photos/players/110x140/p235382.png
Solly March,Brighton and Hove Albion,https://resources.premierleague.com/premierleague/photos/players/110x140/p109345.png
Enock Mwepu,Brighton and Hove Albion,https://resources.premierleague.com/premierleague/photos/players/110x140/p423649.png
Taylor Richards,Brighton and Hove Albion,https://resources.premierleague.com/premierleague/photos/players/110x140/p209045.png
Marc Leonard,Brighton and Hove Albion,https://resources.premierleague.com/premierleague/photos/players/110x140/p433138.png
Andrew Moran,Brighton and Hove Albion,https://resources.premierleague.com/premierleague/photos/players/110x140/p513834.png
Aaron Connolly,Brighton and Hove Albion,https://resources.premierleague.com/premierleague/photos/players/110x140/p233425.png
Neal Maupay,Brighton and Hove Albion,https://resources.premierleague.com/premierleague/photos/players/110x140/p115382.png
Leandro Trossard,Brighton and Hove Albion,https://resources.premierleague.com/premierleague/photos/players/110x140/p116216.png
Danny Welbeck,Brighton and Hove Albion,https://resources.premierleague.com/premierleague/photos/players/110x140/p50175.png
Evan Ferguson,Brighton and Hove Albion,https://resources.premierleague.com/premierleague/photos/players/110x140/p487117.png
Jürgen Locadia,Brighton and Hove Albion,https://resources.premierleague.com/premierleague/photos/players/110x140/p106757.png
Nick Pope,Burnley,https://resources.premierleague.com/premierleague/photos/players/110x140/p98747.png
Will Norris,Burnley,https://resources.premierleague.com/premierleague/photos/players/110x140/p168399.png
Wayne Hennessey,Burnley,https://resources.premierleague.com/premierleague/photos/players/110x140/p20066.png
Matthew Lowton,Burnley,https://resources.premierleague.com/premierleague/photos/players/110x140/p68983.png
Charlie Taylor,Burnley,https://resources.premierleague.com/premierleague/photos/players/110x140/p103914.png
James Tarkowski,Burnley,https://resources.premierleague.com/premierleague/photos/players/110x140/p17761.png
Ben Mee,Burnley,https://resources.premierleague.com/premierleague/photos/players/110x140/p51927.png
Erik Pieters,Burnley,https://resources.premierleague.com/premierleague/photos/players/110x140/p39487.png
Phil Bardsley,Burnley,https://resources.premierleague.com/premierleague/photos/players/110x140/p17997.png
Kevin Long,Burnley,https://resources.premierleague.com/premierleague/photos/players/110x140/p41674.png
Nathan Collins,Burnley,https://resources.premierleague.com/premierleague/photos/players/110x140/p432830.png
Bobby Thomas,Burnley,https://resources.premierleague.com/premierleague/photos/players/110x140/p461102.png
Owen Dodgson,Burnley,https://resources.premierleague.com/premierleague/photos/players/110x140/p461567.png
Maxwel Cornet,Burnley,https://resources.premierleague.com/premierleague/photos/players/110x140/p149519.png
Connor Roberts,Burnley,https://resources.premierleague.com/premierleague/photos/players/110x140/p192290.png
Jack Cork,Burnley,https://resources.premierleague.com/premierleague/photos/players/110x140/p40145.png
Jóhann Gudmundsson,Burnley,https://resources.premierleague.com/premierleague/photos/players/110x140/p60586.png
Josh Brownhill,Burnley,https://resources.premierleague.com/premierleague/photos/players/110x140/p172782.png
Dwight McNeil,Burnley,https://resources.premierleague.com/premierleague/photos/players/110x140/p433154.png
Dale Stephens,Burnley,https://resources.premierleague.com/premierleague/photos/players/110x140/p40845.png
Ashley Westwood,Burnley,https://resources.premierleague.com/premierleague/photos/players/110x140/p60551.png
Lewis Richardson,Burnley,https://resources.premierleague.com/premierleague/photos/players/110x140/p461096.png
Aaron Lennon,Burnley,https://resources.premierleague.com/premierleague/photos/players/110x140/p17349.png
Chris Wood,Burnley,https://resources.premierleague.com/premierleague/photos/players/110x140/p60689.png
Ashley Barnes,Burnley,https://resources.premierleague.com/premierleague/photos/players/110x140/p44699.png
Jay Rodriguez,Burnley,https://resources.premierleague.com/premierleague/photos/players/110x140/p44683.png
Matej Vydra,Burnley,https://resources.premierleague.com/premierleague/photos/players/110x140/p81183.png
Kepa Arrizabalaga,Chelsea,https://resources.premierleague.com/premierleague/photos/players/110x140/p109745.png
Édouard Mendy,Chelsea,https://resources.premierleague.com/premierleague/photos/players/110x140/p228286.png
Marcus Bettinelli,Chelsea,https://resources.premierleague.com/premierleague/photos/players/110x140/p122074.png
Lucas Bergstrom,Chelsea,https://resources.premierleague.com/premierleague/photos/players/110x140/p482158.png
Antonio Rüdiger,Chelsea,https://resources.premierleague.com/premierleague/photos/players/110x140/p102380.png
Marcos Alonso,Chelsea,https://resources.premierleague.com/premierleague/photos/players/110x140/p82263.png
Andreas Christensen,Chelsea,https://resources.premierleague.com/premierleague/photos/players/110x140/p135363.png
Thiago Silva,Chelsea,https://resources.premierleague.com/premierleague/photos/players/110x140/p51090.png
Ben Chilwell,Chelsea,https://resources.premierleague.com/premierleague/photos/players/110x140/p172850.png
Reece James,Chelsea,https://resources.premierleague.com/premierleague/photos/players/110x140/p225796.png
César Azpilicueta,Chelsea,https://resources.premierleague.com/premierleague/photos/players/110x140/p41328.png
Trevoh Chalobah,Chelsea,https://resources.premierleague.com/premierleague/photos/players/110x140/p180736.png
Malang Sarr,Chelsea,https://resources.premierleague.com/premierleague/photos/players/110x140/p204727.png
Jorginho,Chelsea,https://resources.premierleague.com/premierleague/photos/players/110x140/p85955.png
N'Golo Kanté,Chelsea,https://resources.premierleague.com/premierleague/photos/players/110x140/p116594.png
Christian Pulisic,Chelsea,https://resources.premierleague.com/premierleague/photos/players/110x140/p176413.png
Mateo Kovacic,Chelsea,https://resources.premierleague.com/premierleague/photos/players/110x140/p91651.png
Mason Mount,Chelsea,https://resources.premierleague.com/premierleague/photos/players/110x140/p184341.png
Hakim Ziyech,Chelsea,https://resources.premierleague.com/premierleague/photos/players/110x140/p124183.png
Kai Havertz,Chelsea,https://resources.premierleague.com/premierleague/photos/players/110x140/p219847.png
Ruben Loftus-Cheek,Chelsea,https://resources.premierleague.com/premierleague/photos/players/110x140/p126187.png
Saúl Ñíguez,Chelsea,https://resources.premierleague.com/premierleague/photos/players/110x140/p89335.png
Ross Barkley,Chelsea,https://resources.premierleague.com/premierleague/photos/players/110x140/p88894.png
Timo Werner,Chelsea,https://resources.premierleague.com/premierleague/photos/players/110x140/p165153.png
Callum Hudson-Odoi,Chelsea,https://resources.premierleague.com/premierleague/photos/players/110x140/p209046.png
Romelu Lukaku,Chelsea,https://resources.premierleague.com/premierleague/photos/players/110x140/p66749.png
Jack Butland,Crystal Palace,https://resources.premierleague.com/premierleague/photos/players/110x140/p105666.png
Vicente Guaita,Crystal Palace,https://resources.premierleague.com/premierleague/photos/players/110x140/p40836.png
Remi Matthews,Crystal Palace,https://resources.premierleague.com/premierleague/photos/players/110x140/p169593.png
Joel Ward,Crystal Palace,https://resources.premierleague.com/premierleague/photos/players/110x140/p55494.png
James Tomkins,Crystal Palace,https://resources.premierleague.com/premierleague/photos/players/110x140/p49413.png
Nathaniel Clyne,Crystal Palace,https://resources.premierleague.com/premierleague/photos/players/110x140/p57328.png
Tyrick Mitchell,Crystal Palace,https://resources.premierleague.com/premierleague/photos/players/110x140/p244723.png
Martin Kelly,Crystal Palace,https://resources.premierleague.com/premierleague/photos/players/110x140/p58786.png
Nathan Ferguson,Crystal Palace,https://resources.premierleague.com/premierleague/photos/players/110x140/p232423.png
Marc Guéhi,Crystal Palace,https://resources.premierleague.com/premierleague/photos/players/110x140/p209036.png
Joachim Andersen,Crystal Palace,https://resources.premierleague.com/premierleague/photos/players/110x140/p174874.png
Reece Hannam,Crystal Palace,https://resources.premierleague.com/premierleague/photos/players/110x140/p223824.png
Luka Milivojevic,Crystal Palace,https://resources.premierleague.com/premierleague/photos/players/110x140/p66975.png
Cheikhou Kouyaté,Crystal Palace,https://resources.premierleague.com/premierleague/photos/players/110x140/p55037.png
Jeffrey Schlupp,Crystal Palace,https://resources.premierleague.com/premierleague/photos/players/110x140/p86417.png
James McArthur,Crystal Palace,https://resources.premierleague.com/premierleague/photos/players/110x140/p50471.png
Eberechi Eze,Crystal Palace,https://resources.premierleague.com/premierleague/photos/players/110x140/p232413.png
Jairo Riedewald,Crystal Palace,https://resources.premierleague.com/premierleague/photos/players/110x140/p173954.png
Michael Olise,Crystal Palace,https://resources.premierleague.com/premierleague/photos/players/110x140/p443661.png
Conor Gallagher,Crystal Palace,https://resources.premierleague.com/premierleague/photos/players/110x140/p232787.png
Jesurun Rak-Sakyi,Crystal Palace,https://resources.premierleague.com/premierleague/photos/players/110x140/p450542.png
Will Hughes,Crystal Palace,https://resources.premierleague.com/premierleague/photos/players/110x140/p108413.png
Jordan Ayew,Crystal Palace,https://resources.premierleague.com/premierleague/photos/players/110x140/p80146.png
Wilfried Zaha,Crystal Palace,https://resources.premierleague.com/premierleague/photos/players/110x140/p82403.png
Jean-Philippe Mateta,Crystal Palace,https://resources.premierleague.com/premierleague/photos/players/110x140/p231747.png
Christian Benteke,Crystal Palace,https://resources.premierleague.com/premierleague/photos/players/110x140/p54861.png
Robert Street,Crystal Palace,https://resources.premierleague.com/premierleague/photos/players/110x140/p448482.png
Scott Banks,Crystal Palace,https://resources.premierleague.com/premierleague/photos/players/110x140/p462831.png
Odsonne Édouard,Crystal Palace,https://resources.premierleague.com/premierleague/photos/players/110x140/p199670.png
Jordan Pickford,Everton,https://resources.premierleague.com/premierleague/photos/players/110x140/p111234.png
Asmir Begovic,Everton,https://resources.premierleague.com/premierleague/photos/players/110x140/p40349.png
Andy Lonergan,Everton,https://resources.premierleague.com/premierleague/photos/players/110x140/p11948.png
Mason Holgate,Everton,https://resources.premierleague.com/premierleague/photos/players/110x140/p194164.png
Michael Keane,Everton,https://resources.premierleague.com/premierleague/photos/players/110x140/p106611.png
Lucas Digne,Everton,https://resources.premierleague.com/premierleague/photos/players/110x140/p101188.png
Yerry Mina,Everton,https://resources.premierleague.com/premierleague/photos/players/110x140/p164511.png
Ben Godfrey,Everton,https://resources.premierleague.com/premierleague/photos/players/110x140/p198826.png
Séamus Coleman,Everton,https://resources.premierleague.com/premierleague/photos/players/110x140/p59949.png
Jonjoe Kenny,Everton,https://resources.premierleague.com/premierleague/photos/players/110x140/p153673.png
Jarrad Branthwaite,Everton,https://resources.premierleague.com/premierleague/photos/players/110x140/p480455.png
Allan,Everton,https://resources.premierleague.com/premierleague/photos/players/110x140/p119765.png
Fabian Delph,Everton,https://resources.premierleague.com/premierleague/photos/players/110x140/p41823.png
Gylfi Sigurdsson,Everton,https://resources.premierleague.com/premierleague/photos/players/110x140/p55422.png
Abdoulaye Doucouré,Everton,https://resources.premierleague.com/premierleague/photos/players/110x140/p121599.png
James Rodríguez,Everton,https://resources.premierleague.com/premierleague/photos/players/110x140/p60025.png
André Gomes,Everton,https://resources.premierleague.com/premierleague/photos/players/110x140/p120250.png
Jean-Philippe Gbamin,Everton,https://resources.premierleague.com/premierleague/photos/players/110x140/p160987.png
Tom Davies,Everton,https://resources.premierleague.com/premierleague/photos/players/110x140/p173807.png
Andros Townsend,Everton,https://resources.premierleague.com/premierleague/photos/players/110x140/p60252.png
Richarlison,Everton,https://resources.premierleague.com/premierleague/photos/players/110x140/p212319.png
Dominic Calvert-Lewin,Everton,https://resources.premierleague.com/premierleague/photos/players/110x140/p177815.png
Alex Iwobi,Everton,https://resources.premierleague.com/premierleague/photos/players/110x140/p153133.png
Cenk Tosun,Everton,https://resources.premierleague.com/premierleague/photos/players/110x140/p66838.png
Demarai Gray,Everton,https://resources.premierleague.com/premierleague/photos/players/110x140/p172632.png
Anthony Gordon,Everton,https://resources.premierleague.com/premierleague/photos/players/110x140/p232826.png
Salomón Rondón,Everton,https://resources.premierleague.com/premierleague/photos/players/110x140/p57134.png
Ellis Simms,Everton,https://resources.premierleague.com/premierleague/photos/players/110x140/p218997.png
Illan Meslier,Leeds United,https://resources.premierleague.com/premierleague/photos/players/110x140/p437495.png
Kristoffer Klaesson,Leeds United,https://resources.premierleague.com/premierleague/photos/players/110x140/p223081.png
Luke Ayling,Leeds United,https://resources.premierleague.com/premierleague/photos/players/110x140/p66588.png
Robin Koch,Leeds United,https://resources.premierleague.com/premierleague/photos/players/110x140/p193645.png
Liam Cooper,Leeds United,https://resources.premierleague.com/premierleague/photos/players/110x140/p55914.png
Diego Llorente,Leeds United,https://resources.premierleague.com/premierleague/photos/players/110x140/p149915.png
Pascal Struijk,Leeds United,https://resources.premierleague.com/premierleague/photos/players/110x140/p222694.png
Laurens De Bock,Leeds United,https://resources.premierleague.com/premierleague/photos/players/110x140/p58746.png
Junior Firpo,Leeds United,https://resources.premierleague.com/premierleague/photos/players/110x140/p443967.png
Charlie Cresswell,Leeds United,https://resources.premierleague.com/premierleague/photos/players/110x140/p492373.png
Cody Drameh,Leeds United,https://resources.premierleague.com/premierleague/photos/players/110x140/p433590.png
Adam Forshaw,Leeds United,https://resources.premierleague.com/premierleague/photos/players/110x140/p80179.png
Stuart Dallas,Leeds United,https://resources.premierleague.com/premierleague/photos/players/110x140/p87873.png
Kalvin Phillips,Leeds United,https://resources.premierleague.com/premierleague/photos/players/110x140/p155405.png
Mateusz Klich,Leeds United,https://resources.premierleague.com/premierleague/photos/players/110x140/p72222.png
Jamie Shackleton,Leeds United,https://resources.premierleague.com/premierleague/photos/players/110x140/p221610.png
Jack Harrison,Leeds United,https://resources.premierleague.com/premierleague/photos/players/110x140/p221399.png
Crysencio Summerville,Leeds United,https://resources.premierleague.com/premierleague/photos/players/110x140/p450070.png
Liam McCarron,Leeds United,https://resources.premierleague.com/premierleague/photos/players/110x140/p464618.png
Daniel James,Leeds United,https://resources.premierleague.com/premierleague/photos/players/110x140/p200617.png
Stuart McKinstry,Leeds United,https://resources.premierleague.com/premierleague/photos/players/110x140/p473342.png
Nohan Kenneh,Leeds United,https://resources.premierleague.com/premierleague/photos/players/110x140/p469249.png
Patrick Bamford,Leeds United,https://resources.premierleague.com/premierleague/photos/players/110x140/p106617.png
Tyler Roberts,Leeds United,https://resources.premierleague.com/premierleague/photos/players/110x140/p173821.png
Raphinha,Leeds United,https://resources.premierleague.com/premierleague/photos/players/110x140/p219961.png
Rodrigo,Leeds United,https://resources.premierleague.com/premierleague/photos/players/110x140/p80954.png
Sam Greenwood,Leeds United,https://resources.premierleague.com/premierleague/photos/players/110x140/p248937.png
Joe Gelhardt,Leeds United,https://resources.premierleague.com/premierleague/photos/players/110x140/p462635.png
Kasper Schmeichel,Leicester City,https://resources.premierleague.com/premierleague/photos/players/110x140/p17745.png
Danny Ward,Leicester City,https://resources.premierleague.com/premierleague/photos/players/110x140/p95463.png
Eldin Jakupovic,Leicester City,https://resources.premierleague.com/premierleague/photos/players/110x140/p11974.png
James Justin,Leicester City,https://resources.premierleague.com/premierleague/photos/players/110x140/p220627.png
Wesley Fofana,Leicester City,https://resources.premierleague.com/premierleague/photos/players/110x140/p444463.png
Çaglar Söyüncü,Leicester City,https://resources.premierleague.com/premierleague/photos/players/110x140/p218031.png
Jonny Evans,Leicester City,https://resources.premierleague.com/premierleague/photos/players/110x140/p37642.png
Daniel Amartey,Leicester City,https://resources.premierleague.com/premierleague/photos/players/110x140/p155569.png
Ricardo Pereira,Leicester City,https://resources.premierleague.com/premierleague/photos/players/110x140/p111931.png
Timothy Castagne,Leicester City,https://resources.premierleague.com/premierleague/photos/players/110x140/p166477.png
Luke Thomas,Leicester City,https://resources.premierleague.com/premierleague/photos/players/110x140/p244619.png
Filip Benkovic,Leicester City,https://resources.premierleague.com/premierleague/photos/players/110x140/p213405.png
Ryan Bertrand,Leicester City,https://resources.premierleague.com/premierleague/photos/players/110x140/p40146.png
Jannik Vestergaard,Leicester City,https://resources.premierleague.com/premierleague/photos/players/110x140/p93100.png
Vontae Daley-Campbell,Leicester City,https://resources.premierleague.com/premierleague/photos/players/110x140/p232229.png
Ben Nelson,Leicester City,https://resources.premierleague.com/premierleague/photos/players/110x140/p501770.png
Youri Tielemans,Leicester City,https://resources.premierleague.com/premierleague/photos/players/110x140/p166989.png
James Maddison,Leicester City,https://resources.premierleague.com/premierleague/photos/players/110x140/p172780.png
Marc Albrighton,Leicester City,https://resources.premierleague.com/premierleague/photos/players/110x140/p51938.png
Harvey Barnes,Leicester City,https://resources.premierleague.com/premierleague/photos/players/110x140/p201666.png
Hamza Choudhury,Leicester City,https://resources.premierleague.com/premierleague/photos/players/110x140/p197469.png
Nampalys Mendy,Leicester City,https://resources.premierleague.com/premierleague/photos/players/110x140/p86881.png
Wilfred Ndidi,Leicester City,https://resources.premierleague.com/premierleague/photos/players/110x140/p203341.png
Boubakary Soumaré,Leicester City,https://resources.premierleague.com/premierleague/photos/players/110x140/p225902.png
Kiernan Dewsbury-Hall,Leicester City,https://resources.premierleague.com/premierleague/photos/players/110x140/p215413.png
Thanawat Suengchitthawon,Leicester City,https://resources.premierleague.com/premierleague/photos/players/110x140/p513789.png
Jamie Vardy,Leicester City,https://resources.premierleague.com/premierleague/photos/players/110x140/p101668.png
Kelechi Iheanacho,Leicester City,https://resources.premierleague.com/premierleague/photos/players/110x140/p173515.png
Ayoze Pérez,Leicester City,https://resources.premierleague.com/premierleague/photos/players/110x140/p168580.png
Patson Daka,Leicester City,https://resources.premierleague.com/premierleague/photos/players/110x140/p245419.png
Ademola Lookman,Leicester City,https://resources.premierleague.com/premierleague/photos/players/110x140/p219352.png
Alisson,Liverpool,https://resources.premierleague.com/premierleague/photos/players/110x140/p116535.png
Adrián,Liverpool,https://resources.premierleague.com/premierleague/photos/players/110x140/p60706.png
Caoimhin Kelleher,Liverpool,https://resources.premierleague.com/premierleague/photos/players/110x140/p200720.png
Loris Karius,Liverpool,https://resources.premierleague.com/premierleague/photos/players/110x140/p104542.png
Virgil van Dijk,Liverpool,https://resources.premierleague.com/premierleague/photos/players/110x140/p97032.png
Joseph Gomez,Liverpool,https://resources.premierleague.com/premierleague/photos/players/110x140/p171287.png
Konstantinos Tsimikas,Liverpool,https://resources.premierleague.com/premierleague/photos/players/110x140/p214285.png
Andrew Robertson,Liverpool,https://resources.premierleague.com/premierleague/photos/players/110x140/p122798.png
Joel Matip,Liverpool,https://resources.premierleague.com/premierleague/photos/players/110x140/p60914.png
Nathaniel Phillips,Liverpool,https://resources.premierleague.com/premierleague/photos/players/110x140/p197464.png
Trent Alexander-Arnold,Liverpool,https://resources.premierleague.com/premierleague/photos/players/110x140/p169187.png
Neco Williams,Liverpool,https://resources.premierleague.com/premierleague/photos/players/110x140/p215136.png
Ibrahima Konaté,Liverpool,https://resources.premierleague.com/premierleague/photos/players/110x140/p204716.png
Fabinho,Liverpool,https://resources.premierleague.com/premierleague/photos/players/110x140/p116643.png
Thiago,Liverpool,https://resources.premierleague.com/premierleague/photos/players/110x140/p61558.png
James Milner,Liverpool,https://resources.premierleague.com/premierleague/photos/players/110x140/p15157.png
Naby Keïta,Liverpool,https://resources.premierleague.com/premierleague/photos/players/110x140/p175592.png
Jordan Henderson,Liverpool,https://resources.premierleague.com/premierleague/photos/players/110x140/p56979.png
Alex Oxlade-Chamberlain,Liverpool,https://resources.premierleague.com/premierleague/photos/players/110x140/p81880.png
Curtis Jones,Liverpool,https://resources.premierleague.com/premierleague/photos/players/110x140/p206915.png
Harvey Elliott,Liverpool,https://resources.premierleague.com/premierleague/photos/players/110x140/p444884.png
Roberto Firmino,Liverpool,https://resources.premierleague.com/premierleague/photos/players/110x140/p92217.png
Sadio Mané,Liverpool,https://resources.premierleague.com/premierleague/photos/players/110x140/p110979.png
Mohamed Salah,Liverpool,https://resources.premierleague.com/premierleague/photos/players/110x140/p118748.png
Diogo Jota,Liverpool,https://resources.premierleague.com/premierleague/photos/players/110x140/p194634.png
Divock Origi,Liverpool,https://resources.premierleague.com/premierleague/photos/players/110x140/p152760.png
Takumi Minamino,Liverpool,https://resources.premierleague.com/premierleague/photos/players/110x140/p157882.png
Zack Steffen,Manchester City,https://resources.premierleague.com/premierleague/photos/players/110x140/p164484.png
Ederson,Manchester City,https://resources.premierleague.com/premierleague/photos/players/110x140/p121160.png
Scott Carson,Manchester City,https://resources.premierleague.com/premierleague/photos/players/110x140/p17601.png
Cieran Slicker,Manchester City,https://resources.premierleague.com/premierleague/photos/players/110x140/p434044.png
Kyle Walker,Manchester City,https://resources.premierleague.com/premierleague/photos/players/110x140/p58621.png
Rúben Dias,Manchester City,https://resources.premierleague.com/premierleague/photos/players/110x140/p171314.png
John Stones,Manchester City,https://resources.premierleague.com/premierleague/photos/players/110x140/p97299.png
Nathan Aké,Manchester City,https://resources.premierleague.com/premierleague/photos/players/110x140/p126184.png
Oleksandr Zinchenko,Manchester City,https://resources.premierleague.com/premierleague/photos/players/110x140/p206325.png
Aymeric Laporte,Manchester City,https://resources.premierleague.com/premierleague/photos/players/110x140/p146941.png
Benjamin Mendy,Manchester City,https://resources.premierleague.com/premierleague/photos/players/110x140/p102826.png
João Cancelo,Manchester City,https://resources.premierleague.com/premierleague/photos/players/110x140/p121145.png
Luke Mbete,Manchester City,https://resources.premierleague.com/premierleague/photos/players/110x140/p439510.png
Joshua Wilson-Esbrand,Manchester City,https://resources.premierleague.com/premierleague/photos/players/110x140/p447880.png
Ilkay Gündogan,Manchester City,https://resources.premierleague.com/premierleague/photos/players/110x140/p59859.png
Rodri,Manchester City,https://resources.premierleague.com/premierleague/photos/players/110x140/p220566.png
Kevin De Bruyne,Manchester City,https://resources.premierleague.com/premierleague/photos/players/110x140/p61366.png
Bernardo Silva,Manchester City,https://resources.premierleague.com/premierleague/photos/players/110x140/p165809.png
Fernandinho,Manchester City,https://resources.premierleague.com/premierleague/photos/players/110x140/p27789.png
Phil Foden,Manchester City,https://resources.premierleague.com/premierleague/photos/players/110x140/p209244.png
Jack Grealish,Manchester City,https://resources.premierleague.com/premierleague/photos/players/110x140/p114283.png
Cole Palmer,Manchester City,https://resources.premierleague.com/premierleague/photos/players/110x140/p244851.png
Romeo Lavia,Manchester City,https://resources.premierleague.com/premierleague/photos/players/110x140/p514356.png
Raheem Sterling,Manchester City,https://resources.premierleague.com/premierleague/photos/players/110x140/p103955.png
Gabriel Jesus,Manchester City,https://resources.premierleague.com/premierleague/photos/players/110x140/p205651.png
Ferran Torres,Manchester City,https://resources.premierleague.com/premierleague/photos/players/110x140/p224444.png
Riyad Mahrez,Manchester City,https://resources.premierleague.com/premierleague/photos/players/110x140/p103025.png
David de Gea,Manchester United,https://resources.premierleague.com/premierleague/photos/players/110x140/p51940.png
Dean Henderson,Manchester United,https://resources.premierleague.com/premierleague/photos/players/110x140/p172649.png
Tom Heaton,Manchester United,https://resources.premierleague.com/premierleague/photos/players/110x140/p21205.png
Lee Grant,Manchester United,https://resources.premierleague.com/premierleague/photos/players/110x140/p6744.png
Matej Kovar,Manchester United,https://resources.premierleague.com/premierleague/photos/players/110x140/p446189.png
Victor Lindelöf,Manchester United,https://resources.premierleague.com/premierleague/photos/players/110x140/p184667.png
Eric Bailly,Manchester United,https://resources.premierleague.com/premierleague/photos/players/110x140/p197365.png
Phil Jones,Manchester United,https://resources.premierleague.com/premierleague/photos/players/110x140/p76359.png
Harry Maguire,Manchester United,https://resources.premierleague.com/premierleague/photos/players/110x140/p95658.png
Luke Shaw,Manchester United,https://resources.premierleague.com/premierleague/photos/players/110x140/p106760.png
Alex Telles,Manchester United,https://resources.premierleague.com/premierleague/photos/players/110x140/p152590.png
Aaron Wan-Bissaka,Manchester United,https://resources.premierleague.com/premierleague/photos/players/110x140/p214590.png
Diogo Dalot,Manchester United,https://resources.premierleague.com/premierleague/photos/players/110x140/p216051.png
Teden Mengi,Manchester United,https://resources.premierleague.com/premierleague/photos/players/110x140/p244856.png
Raphaël Varane,Manchester United,https://resources.premierleague.com/premierleague/photos/players/110x140/p90152.png
Paul Pogba,Manchester United,https://resources.premierleague.com/premierleague/photos/players/110x140/p74208.png
Fred,Manchester United,https://resources.premierleague.com/premierleague/photos/players/110x140/p101582.png
Bruno Fernandes,Manchester United,https://resources.premierleague.com/premierleague/photos/players/110x140/p141746.png
Nemanja Matic,Manchester United,https://resources.premierleague.com/premierleague/photos/players/110x140/p62398.png
Donny van de Beek,Manchester United,https://resources.premierleague.com/premierleague/photos/players/110x140/p180184.png
Scott McTominay,Manchester United,https://resources.premierleague.com/premierleague/photos/players/110x140/p195851.png
Hannibal Mejbri,Manchester United,https://resources.premierleague.com/premierleague/photos/players/110x140/p465527.png
Jesse Lingard,Manchester United,https://resources.premierleague.com/premierleague/photos/players/110x140/p109322.png
Juan Mata,Manchester United,https://resources.premierleague.com/premierleague/photos/players/110x140/p43670.png
Facundo Pellistri,Manchester United,https://resources.premierleague.com/premierleague/photos/players/110x140/p488404.png
Edinson Cavani,Manchester United,https://resources.premierleague.com/premierleague/photos/players/110x140/p40720.png
Anthony Martial,Manchester United,https://resources.premierleague.com/premierleague/photos/players/110x140/p148225.png
Marcus Rashford,Manchester United,https://resources.premierleague.com/premierleague/photos/players/110x140/p176297.png
Mason Greenwood,Manchester United,https://resources.premierleague.com/premierleague/photos/players/110x140/p220688.png
Amad Diallo,Manchester United,https://resources.premierleague.com/premierleague/photos/players/110x140/p493250.png
Anthony Elanga,Manchester United,https://resources.premierleague.com/premierleague/photos/players/110x140/p449434.png
Shola Shoretire,Manchester United,https://resources.premierleague.com/premierleague/photos/players/110x140/p472464.png
Jadon Sancho,Manchester United,https://resources.premierleague.com/premierleague/photos/players/110x140/p209243.png
Cristiano Ronaldo,Manchester United,https://resources.premierleague.com/premierleague/photos/players/110x140/p14937.png
Martin Dúbravka,Newcastle United,https://resources.premierleague.com/premierleague/photos/players/110x140/p67089.png
Karl Darlow,Newcastle United,https://resources.premierleague.com/premierleague/photos/players/110x140/p59735.png
Mark Gillespie,Newcastle United,https://resources.premierleague.com/premierleague/photos/players/110x140/p81441.png
Daniel Langley,Newcastle United,https://resources.premierleague.com/premierleague/photos/players/110x140/p432927.png
Freddie Woodman,Newcastle United,https://resources.premierleague.com/premierleague/photos/players/110x140/p155503.png
Ciaran Clark,Newcastle United,https://resources.premierleague.com/premierleague/photos/players/110x140/p58845.png
Paul Dummett,Newcastle United,https://resources.premierleague.com/premierleague/photos/players/110x140/p106618.png
Fabian Schär,Newcastle United,https://resources.premierleague.com/premierleague/photos/players/110x140/p119471.png
Jamaal Lascelles,Newcastle United,https://resources.premierleague.com/premierleague/photos/players/110x140/p101148.png
Jamal Lewis,Newcastle United,https://resources.premierleague.com/premierleague/photos/players/110x140/p194799.png
Emil Krafth,Newcastle United,https://resources.premierleague.com/premierleague/photos/players/110x140/p111773.png
Federico Fernández,Newcastle United,https://resources.premierleague.com/premierleague/photos/players/110x140/p57145.png
Javier Manquillo,Newcastle United,https://resources.premierleague.com/premierleague/photos/players/110x140/p109528.png
Jonjo Shelvey,Newcastle United,https://resources.premierleague.com/premierleague/photos/players/110x140/p50232.png
Matt Ritchie,Newcastle United,https://resources.premierleague.com/premierleague/photos/players/110x140/p56983.png
Isaac Hayden,Newcastle United,https://resources.premierleague.com/premierleague/photos/players/110x140/p153127.png
Jeff Hendrick,Newcastle United,https://resources.premierleague.com/premierleague/photos/players/110x140/p83314.png
Ryan Fraser,Newcastle United,https://resources.premierleague.com/premierleague/photos/players/110x140/p90105.png
Jacob Murphy,Newcastle United,https://resources.premierleague.com/premierleague/photos/players/110x140/p114243.png
Miguel Almirón,Newcastle United,https://resources.premierleague.com/premierleague/photos/players/110x140/p179018.png
Sean Longstaff,Newcastle United,https://resources.premierleague.com/premierleague/photos/players/110x140/p180135.png
Elliot Anderson,Newcastle United,https://resources.premierleague.com/premierleague/photos/players/110x140/p215379.png
Joseph Willock,Newcastle United,https://resources.premierleague.com/premierleague/photos/players/110x140/p200089.png
Joe White,Newcastle United,https://resources.premierleague.com/premierleague/photos/players/110x140/p461484.png
Joelinton,Newcastle United,https://resources.premierleague.com/premierleague/photos/players/110x140/p180974.png
Allan Saint-Maximin,Newcastle United,https://resources.premierleague.com/premierleague/photos/players/110x140/p170137.png
Dwight Gayle,Newcastle United,https://resources.premierleague.com/premierleague/photos/players/110x140/p104547.png
Callum Wilson,Newcastle United,https://resources.premierleague.com/premierleague/photos/players/110x140/p75115.png
Tim Krul,Norwich City,https://resources.premierleague.com/premierleague/photos/players/110x140/p20480.png
Michael McGovern,Norwich City,https://resources.premierleague.com/premierleague/photos/players/110x140/p18499.png
Angus Gunn,Norwich City,https://resources.premierleague.com/premierleague/photos/players/110x140/p107265.png
Max Aarons,Norwich City,https://resources.premierleague.com/premierleague/photos/players/110x140/p232980.png
Sam Byram,Norwich City,https://resources.premierleague.com/premierleague/photos/players/110x140/p113564.png
Grant Hanley,Norwich City,https://resources.premierleague.com/premierleague/photos/players/110x140/p83428.png
Christoph Zimmermann,Norwich City,https://resources.premierleague.com/premierleague/photos/players/110x140/p192303.png
Bali Mumba,Norwich City,https://resources.premierleague.com/premierleague/photos/players/110x140/p220686.png
Andrew Omobamidele,Norwich City,https://resources.premierleague.com/premierleague/photos/players/110x140/p466404.png
Ben Gibson,Norwich City,https://resources.premierleague.com/premierleague/photos/players/110x140/p83312.png
Dimitris Giannoulis,Norwich City,https://resources.premierleague.com/premierleague/photos/players/110x140/p189627.png
Brandon Williams,Norwich City,https://resources.premierleague.com/premierleague/photos/players/110x140/p232937.png
Ozan Kabak,Norwich City,https://resources.premierleague.com/premierleague/photos/players/110x140/p438277.png
Lukas Rupp,Norwich City,https://resources.premierleague.com/premierleague/photos/players/110x140/p76306.png
Kieran Dowell,Norwich City,https://resources.premierleague.com/premierleague/photos/players/110x140/p171270.png
Przemyslaw Placheta,Norwich City,https://resources.premierleague.com/premierleague/photos/players/110x140/p428626.png
Todd Cantwell,Norwich City,https://resources.premierleague.com/premierleague/photos/players/110x140/p193111.png
Jacob Sørensen,Norwich City,https://resources.premierleague.com/premierleague/photos/players/110x140/p235546.png
Kenny McLean,Norwich City,https://resources.premierleague.com/premierleague/photos/players/110x140/p78607.png
Milot Rashica,Norwich City,https://resources.premierleague.com/premierleague/photos/players/110x140/p212723.png
Billy Gilmour,Norwich City,https://resources.premierleague.com/premierleague/photos/players/110x140/p243568.png
Pierre Lees-Melou,Norwich City,https://resources.premierleague.com/premierleague/photos/players/110x140/p212325.png
Mathias Normann,Norwich City,https://resources.premierleague.com/premierleague/photos/players/110x140/p179276.png
Teemu Pukki,Norwich City,https://resources.premierleague.com/premierleague/photos/players/110x140/p57127.png
Adam Idah,Norwich City,https://resources.premierleague.com/premierleague/photos/players/110x140/p432735.png
Joshua Sargent,Norwich City,https://resources.premierleague.com/premierleague/photos/players/110x140/p215476.png
Christos Tzolis,Norwich City,https://resources.premierleague.com/premierleague/photos/players/110x140/p439509.png
Alex McCarthy,Southampton,https://resources.premierleague.com/premierleague/photos/players/110x140/p58376.png
Harry Lewis,Southampton,https://resources.premierleague.com/premierleague/photos/players/110x140/p198044.png
Fraser Forster,Southampton,https://resources.premierleague.com/premierleague/photos/players/110x140/p40383.png
Kyle Walker-Peters,Southampton,https://resources.premierleague.com/premierleague/photos/players/110x140/p158534.png
Jack Stephens,Southampton,https://resources.premierleague.com/premierleague/photos/players/110x140/p88900.png
Mohammed Salisu,Southampton,https://resources.premierleague.com/premierleague/photos/players/110x140/p450527.png
Jan Bednarek,Southampton,https://resources.premierleague.com/premierleague/photos/players/110x140/p171771.png
Yan Valery,Southampton,https://resources.premierleague.com/premierleague/photos/players/110x140/p213482.png
Romain Perraud,Southampton,https://resources.premierleague.com/premierleague/photos/players/110x140/p244560.png
Valentino Livramento,Southampton,https://resources.premierleague.com/premierleague/photos/players/110x140/p441191.png
Thierry Small,Southampton,https://resources.premierleague.com/premierleague/photos/players/110x140/p491551.png
Lyanco,Southampton,https://resources.premierleague.com/premierleague/photos/players/110x140/p212721.png
Oriol Romeu,Southampton,https://resources.premierleague.com/premierleague/photos/players/110x140/p78056.png
James Ward-Prowse,Southampton,https://resources.premierleague.com/premierleague/photos/players/110x140/p101178.png
Nathan Redmond,Southampton,https://resources.premierleague.com/premierleague/photos/players/110x140/p83283.png
Moussa Djenepo,Southampton,https://resources.premierleague.com/premierleague/photos/players/110x140/p431131.png
Stuart Armstrong,Southampton,https://resources.premierleague.com/premierleague/photos/players/110x140/p91047.png
William Smallbone,Southampton,https://resources.premierleague.com/premierleague/photos/players/110x140/p214466.png
Nathan Tella,Southampton,https://resources.premierleague.com/premierleague/photos/players/110x140/p203389.png
Ibrahima Diallo,Southampton,https://resources.premierleague.com/premierleague/photos/players/110x140/p240143.png
Mohamed Elyounoussi,Southampton,https://resources.premierleague.com/premierleague/photos/players/110x140/p96787.png
Che Adams,Southampton,https://resources.premierleague.com/premierleague/photos/players/110x140/p200439.png
Shane Long,Southampton,https://resources.premierleague.com/premierleague/photos/players/110x140/p20452.png
Theo Walcott,Southampton,https://resources.premierleague.com/premierleague/photos/players/110x140/p20467.png
Armando Broja,Southampton,https://resources.premierleague.com/premierleague/photos/players/110x140/p440323.png
Adam Armstrong,Southampton,https://resources.premierleague.com/premierleague/photos/players/110x140/p155511.png
Hugo Lloris,Tottenham Hotspur,https://resources.premierleague.com/premierleague/photos/players/110x140/p37915.png
Pierluigi Gollini,Tottenham Hotspur,https://resources.premierleague.com/premierleague/photos/players/110x140/p156683.png
Brandon Austin,Tottenham Hotspur,https://resources.premierleague.com/premierleague/photos/players/110x140/p214572.png
Matt Doherty,Tottenham Hotspur,https://resources.premierleague.com/premierleague/photos/players/110x140/p87835.png
Sergio Reguilón,Tottenham Hotspur,https://resources.premierleague.com/premierleague/photos/players/110x140/p199249.png
Davinson Sánchez,Tottenham Hotspur,https://resources.premierleague.com/premierleague/photos/players/110x140/p173904.png
Joe Rodon,Tottenham Hotspur,https://resources.premierleague.com/premierleague/photos/players/110x140/p214225.png
Japhet Tanganga,Tottenham Hotspur,https://resources.premierleague.com/premierleague/photos/players/110x140/p199584.png
Ben Davies,Tottenham Hotspur,https://resources.premierleague.com/premierleague/photos/players/110x140/p115556.png
Eric Dier,Tottenham Hotspur,https://resources.premierleague.com/premierleague/photos/players/110x140/p93264.png
Cristian Romero,Tottenham Hotspur,https://resources.premierleague.com/premierleague/photos/players/110x140/p221632.png
Maksim Paskotsi,Tottenham Hotspur,https://resources.premierleague.com/premierleague/photos/players/110x140/p505239.png
Kallum Cesay,Tottenham Hotspur,https://resources.premierleague.com/premierleague/photos/players/110x140/p461192.png
Brooklyn Lyons-Foster,Tottenham Hotspur,https://resources.premierleague.com/premierleague/photos/players/110x140/p232454.png
Emerson Royal,Tottenham Hotspur,https://resources.premierleague.com/premierleague/photos/players/110x140/p241157.png
Tobi Omole,Tottenham Hotspur,https://resources.premierleague.com/premierleague/photos/players/110x140/p209418.png
Malachi Fagan-Walcott,Tottenham Hotspur,https://resources.premierleague.com/premierleague/photos/players/110x140/p244853.png
Pierre-Emile Højbjerg,Tottenham Hotspur,https://resources.premierleague.com/premierleague/photos/players/110x140/p132015.png
Harry Winks,Tottenham Hotspur,https://resources.premierleague.com/premierleague/photos/players/110x140/p157668.png
Giovani Lo Celso,Tottenham Hotspur,https://resources.premierleague.com/premierleague/photos/players/110x140/p200826.png
Dele Alli,Tottenham Hotspur,https://resources.premierleague.com/premierleague/photos/players/110x140/p108823.png
Tanguy Ndombele,Tottenham Hotspur,https://resources.premierleague.com/premierleague/photos/players/110x140/p231372.png
Ryan Sessegnon,Tottenham Hotspur,https://resources.premierleague.com/premierleague/photos/players/110x140/p184349.png
Oliver Skipp,Tottenham Hotspur,https://resources.premierleague.com/premierleague/photos/players/110x140/p209042.png
Jack Clarke,Tottenham Hotspur,https://resources.premierleague.com/premierleague/photos/players/110x140/p443261.png
Harvey White,Tottenham Hotspur,https://resources.premierleague.com/premierleague/photos/players/110x140/p448791.png
Nile John,Tottenham Hotspur,https://resources.premierleague.com/premierleague/photos/players/110x140/p461212.png
Matthew Craig,Tottenham Hotspur,https://resources.premierleague.com/premierleague/photos/players/110x140/p461201.png
Michael Craig,Tottenham Hotspur,https://resources.premierleague.com/premierleague/photos/players/110x140/p461203.png
Romaine Mundle,Tottenham Hotspur,https://resources.premierleague.com/premierleague/photos/players/110x140/p461199.png
Son Heung-Min,Tottenham Hotspur,https://resources.premierleague.com/premierleague/photos/players/110x140/p85971.png
Harry Kane,Tottenham Hotspur,https://resources.premierleague.com/premierleague/photos/players/110x140/p78830.png
Steven Bergwijn,Tottenham Hotspur,https://resources.premierleague.com/premierleague/photos/players/110x140/p194252.png
Lucas Moura,Tottenham Hotspur,https://resources.premierleague.com/premierleague/photos/players/110x140/p95715.png
Bryan Gil,Tottenham Hotspur,https://resources.premierleague.com/premierleague/photos/players/110x140/p436234.png
Dane Scarlett,Tottenham Hotspur,https://resources.premierleague.com/premierleague/photos/players/110x140/p490145.png
Dilan Markanday,Tottenham Hotspur,https://resources.premierleague.com/premierleague/photos/players/110x140/p232456.png
Ben Foster,Watford,https://resources.premierleague.com/premierleague/photos/players/110x140/p9089.png
Daniel Bachmann,Watford,https://resources.premierleague.com/premierleague/photos/players/110x140/p154506.png
Robert Elliot,Watford,https://resources.premierleague.com/premierleague/photos/players/110x140/p19838.png
Jeremy Ngakia,Watford,https://resources.premierleague.com/premierleague/photos/players/110x140/p232391.png
William Troost-Ekong,Watford,https://resources.premierleague.com/premierleague/photos/players/110x140/p131304.png
Adam Masina,Watford,https://resources.premierleague.com/premierleague/photos/players/110x140/p155651.png
Craig Cathcart,Watford,https://resources.premierleague.com/premierleague/photos/players/110x140/p41338.png
Kiko Femenía,Watford,https://resources.premierleague.com/premierleague/photos/players/110x140/p54484.png
Christian Kabasele,Watford,https://resources.premierleague.com/premierleague/photos/players/110x140/p85624.png
Francisco Sierralta,Watford,https://resources.premierleague.com/premierleague/photos/players/110x140/p208973.png
Danny Rose,Watford,https://resources.premierleague.com/premierleague/photos/players/110x140/p38290.png
Tom Cleverley,Watford,https://resources.premierleague.com/premierleague/photos/players/110x140/p43250.png
Ken Sema,Watford,https://resources.premierleague.com/premierleague/photos/players/110x140/p157775.png
Dan Gosling,Watford,https://resources.premierleague.com/premierleague/photos/players/110x140/p40387.png
Daniel Phillips,Watford,https://resources.premierleague.com/premierleague/photos/players/110x140/p513409.png
Imran Louza,Watford,https://resources.premierleague.com/premierleague/photos/players/110x140/p471471.png
Ignacio Pussetto,Watford,https://resources.premierleague.com/premierleague/photos/players/110x140/p168290.png
Peter Etebo,Watford,https://resources.premierleague.com/premierleague/photos/players/110x140/p227560.png
Kwadwo Baah,Watford,https://resources.premierleague.com/premierleague/photos/players/110x140/p493934.png
Juraj Kucka,Watford,https://resources.premierleague.com/premierleague/photos/players/110x140/p69143.png
Ozan Tufan,Watford,https://resources.premierleague.com/premierleague/photos/players/110x140/p130036.png
Moussa Sissoko,Watford,https://resources.premierleague.com/premierleague/photos/players/110x140/p45268.png
João Pedro,Watford,https://resources.premierleague.com/premierleague/photos/players/110x140/p475168.png
Ismaila Sarr,Watford,https://resources.premierleague.com/premierleague/photos/players/110x140/p232185.png
Emmanuel Dennis,Watford,https://resources.premierleague.com/premierleague/photos/players/110x140/p230251.png
Ashley Fletcher,Watford,https://resources.premierleague.com/premierleague/photos/players/110x140/p176296.png
Joshua King,Watford,https://resources.premierleague.com/premierleague/photos/players/110x140/p78007.png
Cucho Hernández,Watford,https://resources.premierleague.com/premierleague/photos/players/110x140/p244716.png
Lukasz Fabianski,West Ham United,https://resources.premierleague.com/premierleague/photos/players/110x140/p37096.png
David Martin,West Ham United,https://resources.premierleague.com/premierleague/photos/players/110x140/p19194.png
Darren Randolph,West Ham United,https://resources.premierleague.com/premierleague/photos/players/110x140/p32259.png
Alphonse Areola,West Ham United,https://resources.premierleague.com/premierleague/photos/players/110x140/p84182.png
Aaron Cresswell,West Ham United,https://resources.premierleague.com/premierleague/photos/players/110x140/p55459.png
Vladimir Coufal,West Ham United,https://resources.premierleague.com/premierleague/photos/players/110x140/p164555.png
Angelo Ogbonna,West Ham United,https://resources.premierleague.com/premierleague/photos/players/110x140/p40669.png
Issa Diop,West Ham United,https://resources.premierleague.com/premierleague/photos/players/110x140/p219924.png
Ryan Fredericks,West Ham United,https://resources.premierleague.com/premierleague/photos/players/110x140/p81012.png
Arthur Masuaku,West Ham United,https://resources.premierleague.com/premierleague/photos/players/110x140/p105717.png
Ben Johnson,West Ham United,https://resources.premierleague.com/premierleague/photos/players/110x140/p222018.png
Craig Dawson,West Ham United,https://resources.premierleague.com/premierleague/photos/players/110x140/p60232.png
Winston Reid,West Ham United,https://resources.premierleague.com/premierleague/photos/players/110x140/p48717.png
Jamal Baptiste,West Ham United,https://resources.premierleague.com/premierleague/photos/players/110x140/p462384.png
Kurt Zouma,West Ham United,https://resources.premierleague.com/premierleague/photos/players/110x140/p103192.png
Manuel Lanzini,West Ham United,https://resources.premierleague.com/premierleague/photos/players/110x140/p86934.png
Mark Noble,West Ham United,https://resources.premierleague.com/premierleague/photos/players/110x140/p18073.png
Pablo Fornals,West Ham United,https://resources.premierleague.com/premierleague/photos/players/110x140/p217593.png
Tomas Soucek,West Ham United,https://resources.premierleague.com/premierleague/photos/players/110x140/p215439.png
Declan Rice,West Ham United,https://resources.premierleague.com/premierleague/photos/players/110x140/p204480.png
Nikola Vlasic,West Ham United,https://resources.premierleague.com/premierleague/photos/players/110x140/p180151.png
Alex Král,West Ham United,https://resources.premierleague.com/premierleague/photos/players/110x140/p195728.png
Andriy Yarmolenko,West Ham United,https://resources.premierleague.com/premierleague/photos/players/110x140/p56377.png
Saïd Benrahma,West Ham United,https://resources.premierleague.com/premierleague/photos/players/110x140/p172841.png
Jarrod Bowen,West Ham United,https://resources.premierleague.com/premierleague/photos/players/110x140/p178186.png
Michail Antonio,West Ham United,https://resources.premierleague.com/premierleague/photos/players/110x140/p57531.png
John Ruddy,Wolverhampton Wanderers,https://resources.premierleague.com/premierleague/photos/players/110x140/p19236.png
José Sá,Wolverhampton Wanderers,https://resources.premierleague.com/premierleague/photos/players/110x140/p149065.png
Ki-Jana Hoever,Wolverhampton Wanderers,https://resources.premierleague.com/premierleague/photos/players/110x140/p441271.png
Marçal,Wolverhampton Wanderers,https://resources.premierleague.com/premierleague/photos/players/110x140/p111291.png
Willy Boly,Wolverhampton Wanderers,https://resources.premierleague.com/premierleague/photos/players/110x140/p90585.png
Conor Coady,Wolverhampton Wanderers,https://resources.premierleague.com/premierleague/photos/players/110x140/p94147.png
Jonny,Wolverhampton Wanderers,https://resources.premierleague.com/premierleague/photos/players/110x140/p114128.png
Nélson Semedo,Wolverhampton Wanderers,https://resources.premierleague.com/premierleague/photos/players/110x140/p200402.png
Maximilian Kilman,Wolverhampton Wanderers,https://resources.premierleague.com/premierleague/photos/players/110x140/p214048.png
Yerson Mosquera,Wolverhampton Wanderers,https://resources.premierleague.com/premierleague/photos/players/110x140/p501837.png
Rayan Aït-Nouri,Wolverhampton Wanderers,https://resources.premierleague.com/premierleague/photos/players/110x140/p448514.png
Rúben Neves,Wolverhampton Wanderers,https://resources.premierleague.com/premierleague/photos/players/110x140/p171317.png
Daniel Podence,Wolverhampton Wanderers,https://resources.premierleague.com/premierleague/photos/players/110x140/p200600.png
Romain Saïss,Wolverhampton Wanderers,https://resources.premierleague.com/premierleague/photos/players/110x140/p107613.png
João Moutinho,Wolverhampton Wanderers,https://resources.premierleague.com/premierleague/photos/players/110x140/p19624.png
Leander Dendoncker,Wolverhampton Wanderers,https://resources.premierleague.com/premierleague/photos/players/110x140/p151589.png
Luke Cundle,Wolverhampton Wanderers,https://resources.premierleague.com/premierleague/photos/players/110x140/p245923.png
Pedro Neto,Wolverhampton Wanderers,https://resources.premierleague.com/premierleague/photos/players/110x140/p247632.png
Raúl Jiménez,Wolverhampton Wanderers,https://resources.premierleague.com/premierleague/photos/players/110x140/p102057.png
Fábio Silva,Wolverhampton Wanderers,https://resources.premierleague.com/premierleague/photos/players/110x140/p449988.png
Adama Traoré,Wolverhampton Wanderers,https://resources.premierleague.com/premierleague/photos/players/110x140/p159533.png
Trincão,Wolverhampton Wanderers,https://resources.premierleague.com/premierleague/photos/players/110x140/p222564.png
Chem Campbell,Wolverhampton Wanderers,https://resources.premierleague.com/premierleague/photos/players/110x140/p461026.png
Hwang Hee-Chan,Wolverhampton Wanderers,https://resources.premierleague.com/premierleague/photos/players/110x140/p184754.png
